﻿<?xml version="1.0" encoding="utf-8" ?>
<Environment version="1.0">
  <!-- General Settings -->
  <setting name="AllocationRegion" value="Japan West" />
  <setting name="SubscriptionId" value="ec93a9d4-19f3-4aaf-b977-1f4404ec009d" />
  <setting name="ServiceStoreAccountName" value="localrmf2d94" />
  <setting name="ServiceStoreAccountConnectionString" value="DefaultEndpointsProtocol=https;EndpointSuffix=core.windows.net;AccountName=localrmf2d94;AccountKey=l3319yHHGxAiGBSBTfyuB7sy46XRb9Ns8wp/fwcVjYkuWK9h4VvVrjFHNJkiRApOCNsfAFDt9y5i3ALjoV+9wQ==" />
  <setting name="ServiceSBName" value="LocalRM9b56c" />
  <setting name="ServiceSBConnectionString" value="Endpoint=sb://localrm9b56c.servicebus.windows.net/;SharedAccessKeyName=RootManageSharedAccessKey;SharedAccessKey=YLWO6iqOFKRCW3FAupjkoi6TpA0XSSIxrwupY3AxHiI=" />
  <setting name="ServiceEHName" value="LocalRM-ehout" />
  <setting name="ServiceEHConsumerGroup" value="" />
  <setting name="AzureAccountName" value="isobe.seiyu.xc@shimadzu.jp" />
  <!-- IotHub section -->
  <setting name="IotHubName" value="LocalRMc23fa.azure-devices.net" />
  <setting name="IotHubConnectionString" value="HostName=LocalRMc23fa.azure-devices.net;SharedAccessKeyName=iothubowner;SharedAccessKey=leru0W5eXi2rBzGwFC+ZYjozvFmQMGE0vjNCmgbADRY=" />
  <!-- DocDB section -->
  <setting name="DocDbEndPoint" value="https://localrmea85a.documents.azure.com:443/" />
  <setting name="DocDBKey" value="utOIa6O7IaLqQvaSDv4yCjrADuM51gXg2uP3GVd3H2W5JeuGV6v2pieUdsTwy8pzQ7rzlMpiZNiumPBCjSygBw==" />
  <!-- Active Directory -->
  <setting name="AADTenant" value="f4781729-e742-4338-bea6-f53f3e238427" />
  <setting name="AADInstance" value="https://login.microsoftonline.com/{0}" />
  <setting name="AADClientId" value="fc4167c9-23ca-4387-9099-910335c706ad" />
  <!-- Developer isolation -->
  <setting name="DeviceTableName" value="DeviceList" />
  <setting name="ObjectTypePrefix" value="" />
  <!-- Solution Attributes -->
  <setting name="SolutionName" value="Remote Monitoring Solution" />
  <!-- ActionsProcessor -->
  <setting name="RulesEventHubName" value="LocalRM-ehruleout" />
  <setting name="RulesEventHubConnectionString" value="Endpoint=sb://localrm9b56c.servicebus.windows.net/;SharedAccessKeyName=RootManageSharedAccessKey;SharedAccessKey=YLWO6iqOFKRCW3FAupjkoi6TpA0XSSIxrwupY3AxHiI=" />
  <!-- Map Api -->
  <setting name="MapApiQueryKey" value="" />
</Environment>