{
    "$schema": "http://schema.management.azure.com/schemas/2015-01-01/deploymentTemplate.json",
    "contentVersion": "1.0.0.0",
    "parameters": {
        "storageEndpointSuffix": {
            "type": "string",
            "metadata": {
                "description": "Suffix added to Azure Storage hostname (examples: core.windows.net, core.cloudapi.de)"
            }
        },
        "suiteName": {
            "type": "string",
            "metadata": {
                "description": "The name of the suite"
            }
        },
        "docDBName": {
            "type": "string",
            "metadata": {
                "description": "The name of the documentDB"
            }
        },
        "docDBSku": {
            "type": "string",
            "defaultValue": "Standard",
            "metadata": {
                "description": "The DocumentDB Sku"
            }
        },
        "storageName": {
            "type": "string",
            "metadata": {
                "description": "The name of the storageAccount"
            }
        },
        "storageAccountSku": {
            "type": "string",
            "defaultValue": "Standard_GRS",
            "metadata": {
                "description": "The storage Sku"
            }
        },
        "iotHubName": {
            "type": "string",
            "metadata": {
                "description": "The name of the iotHub"
            }
        },
        "iotHubSku": {
            "type": "string",
            "defaultValue": "S2",
            "metadata": {
                "description": "The Iothub Sku"
            }
        },
        "iotHubTier": {
            "type": "string",
            "defaultValue": "Standard",
            "metadata": {
                "description": "The Iothub tier"
            }
        },
        "ehName": {
            "type": "string",
            "metadata": {
                "description": "The name of the eventHub"
            }
        },
        "ehSku": {
            "type": "int",
            "defaultValue": 1,
            "metadata": { 
                "description": "The eventhub Sku"
            }
        },
        "asaStartBehavior": {
            "type": "string",
            "metadata": {
                "description": "The start behavior for Stream Analytics jobs [LastStopTime | JobStartTime (default)]"
            },
            "defaultValue": "JobStartTime"
        },
        "asaStartTime": {
            "type": "string",
            "metadata": {
                "description": "The start time for Stream Analytics jobs"
            },
            "defaultValue": "notused"
        }
    },
    "variables": {
        "location": "[resourceGroup().location]",
        "storageVersion": "2016-01-01",
        "storageId": "[resourceId('Microsoft.Storage/storageAccounts', parameters('storageName'))]",
        "ehVersion": "[providers('Microsoft.Eventhub', 'namespaces').apiVersions[0]]",
        "ehOutName": "[concat(parameters('suiteName'), '-ehout')]",
        "ehRuleOutName": "[concat(parameters('suiteName'), '-ehruleout')]",
        "sbKeyName": "RootManageSharedAccessKey",
        "ehResourceId": "[resourceId('Microsoft.Eventhub/namespaces/authorizationRules', parameters('ehName'), variables('sbKeyName'))]",
        "saVersion": "2015-10-01",
        "docDBVersion": "2015-04-08",
        "docDBResourceId": "[resourceId('Microsoft.DocumentDb/databaseAccounts', parameters('docDBName'))]",
        "iotHubVersion": "2016-02-03",
        "iotHubResourceId": "[resourceId('Microsoft.Devices/Iothubs', parameters('iotHubName'))]",
        "iotHubKeyName": "iothubowner",
        "iotHubKeyResource": "[resourceId('Microsoft.Devices/Iothubs/Iothubkeys', parameters('iotHubName'), variables('iotHubKeyName'))]",
        "rulesCGName": "rulescg",
        "deviceInfoCGName": "deviceinfocg",
        "telemetryCGName": "telemetrycg",
        "suiteType": "LocalMonitoring"
    },
    "resources": [
        {
            "apiVersion": "[variables('docDBVersion')]",
            "type": "Microsoft.DocumentDb/databaseAccounts",
            "name": "[parameters('docDBName')]",
            "location": "[variables('location')]",
            "tags": {
                "IotSuiteType": "[variables('suiteType')]"
            },
            "properties": {
                "name": "[parameters('docDBName')]",
                "databaseAccountOfferType": "[parameters('docDBSku')]"
            }
        },
        {
            "apiVersion": "[variables('storageVersion')]",
            "type": "Microsoft.Storage/storageAccounts",
            "name": "[parameters('storageName')]",
            "location": "[variables('location')]",
            "tags": {
                "IotSuiteType": "[variables('suiteType')]"
            },
            "kind": "Storage",
            "sku": {
                "name": "[parameters('storageAccountSku')]"
            }
        },
        {
            "apiVersion": "[variables('iotHubVersion')]",
            "type": "Microsoft.Devices/Iothubs",
            "name": "[parameters('iotHubName')]",
            "location": "[variables('location')]",
            "sku": {
                "name": "[parameters('iotHubSku')]",
                "tier": "[parameters('iotHubTier')]",
                "capacity": 1
            },
            "tags": {
                "IotSuiteType": "[variables('suiteType')]"
            },
            "properties": {
                "location": "[variables('location')]"
            }
        },
        {
            "apiVersion": "[variables('iotHubVersion')]",
            "name": "[concat(parameters('iotHubName'), '/events/', variables('rulesCGName'))]",
            "type": "Microsoft.Devices/Iothubs/eventhubEndpoints/ConsumerGroups",
            "dependsOn": [
                "[concat('Microsoft.Devices/Iothubs/', parameters('iotHubName'))]"
            ]
        },
        {
            "apiVersion": "[variables('iotHubVersion')]",
            "name": "[concat(parameters('iotHubName'), '/events/', variables('deviceInfoCGName'))]",
            "type": "Microsoft.Devices/Iothubs/eventhubEndpoints/ConsumerGroups",
            "dependsOn": [
                "[concat('Microsoft.Devices/Iothubs/', parameters('iotHubName'))]"
            ]
        },
        {
            "apiVersion": "[variables('iotHubVersion')]",
            "name": "[concat(parameters('iotHubName'), '/events/', variables('telemetryCGName'))]",
            "type": "Microsoft.Devices/Iothubs/eventhubEndpoints/ConsumerGroups",
            "dependsOn": [
                "[concat('Microsoft.Devices/Iothubs/', parameters('iotHubName'))]"
            ]
        },
        {
            "apiVersion": "[variables('ehVersion')]",
            "name": "[parameters('ehName')]",
            "type": "Microsoft.Eventhub/namespaces",
            "location": "[variables('location')]",
            "tags": {
                "IotSuiteType": "[variables('suiteType')]"
            },
            "properties": {
                "messagingSku": "[parameters('ehSku')]",
                "region": "[variables('location')]"
            },
            "resources": [
                {
                    "apiVersion": "[variables('ehVersion')]",
                    "name": "[variables('ehOutName')]",
                    "type": "eventHubs",
                    "location": "[variables('location')]",
                    "dependsOn": [
                        "[concat('Microsoft.Eventhub/namespaces/', parameters('ehName'))]"
                    ],
                    "properties": {
                        "path": "[variables('ehOutName')]",
                        "MessageRetentionInDays": 1
                    }
                },
                {
                    "apiVersion": "[variables('ehVersion')]",
                    "name": "[variables('ehRuleOutName')]",
                    "type": "eventHubs",
                    "location": "[variables('location')]",
                    "dependsOn": [
                        "[concat('Microsoft.Eventhub/namespaces/', parameters('ehName'))]"
                    ],
                    "properties": {
                        "path": "[variables('ehRuleOutName')]",
                        "MessageRetentionInDays": 1
                    }
                }
            ]
        },
        {
            "apiVersion": "[variables('saVersion')]",
            "type": "Microsoft.StreamAnalytics/streamingjobs",
            "name": "[concat(parameters('suiteName'), '-Telemetry')]",
            "location": "[variables('location')]",
            "dependsOn": [
                "[concat('Microsoft.Storage/storageAccounts/', parameters('storageName'))]",
                "[concat('Microsoft.Devices/Iothubs/', parameters('iotHubName'))]"
            ],
            "tags": {
                "IotSuiteType": "[variables('suiteType')]"
            },
            "properties": {
                "sku": {
                    "name": "standard"
                },
                "OutputStartMode": "[parameters('asaStartBehavior')]",
                "EventsOutOfOrderMaxDelayInSeconds": 10,
                "EventsOutOfOrderPolicy": "adjust",
                "Inputs": [
                    {
                        "Name": "IoTHubStream",
                        "Properties": {
                            "DataSource": {
                                "Properties": {
                                    "consumerGroupName": "[variables('telemetryCGName')]",
                                    "iotHubNamespace": "[parameters('iotHubName')]",
                                    "sharedAccessPolicyKey": "[listkeys(variables('iotHubKeyResource'), variables('iotHubVersion')).primaryKey]",
                                    "sharedAccessPolicyName": "[variables('iotHubKeyName')]"
                                },
                                "Type": "Microsoft.Devices/IotHubs"
                            },
                            "Serialization": {
                                "Properties": {
                                    "Encoding": "UTF8"
                                },
                                "Type": "Json"
                            },
                            "Type": "Stream"
                        }
                    }
                ],
                "Outputs": [
                    {
                        "Name": "Telemetry",
                        "Properties": {
                            "DataSource": {
                                "Properties": {
                                    "Container": "devicetelemetry",
                                    "DateFormat": "yyyy/MM/dd",
                                    "TimeFormat": "HH",
                                    "PathPattern": "devicetelemetry/{date}/{time}",
                                    "StorageAccounts": [
                                        {
                                            "AccountKey": "[listkeys(variables('storageId'), variables('storageVersion')).keys[0].value]",
                                            "AccountName": "[parameters('storageName')]"
                                        }
                                    ]
                                },
                                "Type": "Microsoft.Storage/Blob"
                            },
                            "Serialization": {
                                "Properties": {
                                    "Encoding": "UTF8",
                                    "FieldDelimiter": ","
                                },
                                "Type": "Csv"
                            }
                        }
                    },
                    {
                        "Name": "TelemetrySummary",
                        "Properties": {
                            "DataSource": {
                                "Properties": {
                                    "Container": "devicetelemetry",
                                    "DateFormat": "yyyy/MM/dd",
                                    "TimeFormat": "HH",
                                    "PathPattern": "devicetelemetry-summary/{date}/{time}",
                                    "StorageAccounts": [
                                        {
                                            "AccountKey": "[listkeys(variables('storageId'), variables('storageVersion')).keys[0].value]",
                                            "AccountName": "[parameters('storageName')]"
                                        }
                                    ]
                                },
                                "Type": "Microsoft.Storage/Blob"
                            },
                            "Serialization": {
                                "Properties": {
                                    "Encoding": "UTF8",
                                    "FieldDelimiter": ","
                                },
                                "Type": "Csv"
                            }
                        }
                    }
                ],
                "Transformation": {
                    "Name": "AllToBlob",
                    "Properties": {
                        "Query": "WITH \r\n    [StreamData]\r\nAS (\r\n    SELECT\r\n        *\r\n    FROM [IoTHubStream]\r\n    WHERE\r\n        [ObjectType] IS NULL -- Filter out device info and command responses\r\n) \r\n\r\nSELECT\r\n    IoTHub.ConnectionDeviceId AS DeviceId,\r\n    Temperature,\r\n    Humidity,\r\n    ExternalTemperature,\r\n    EventProcessedUtcTime,\r\n    PartitionId,\r\n    EventEnqueuedUtcTime,\r\n    * \r\nINTO\r\n    [Telemetry]\r\nFROM\r\n    [StreamData]\r\n\r\nSELECT\r\n    IoTHub.ConnectionDeviceId AS DeviceId,\r\n    AVG (Humidity) AS [AverageHumidity],\r\n    MIN(Humidity) AS [MinimumHumidity],\r\n    MAX(Humidity) AS [MaxHumidity],\r\n    5.0 AS TimeframeMinutes \r\nINTO\r\n    [TelemetrySummary]\r\nFROM [StreamData]\r\nWHERE\r\n    [Humidity] IS NOT NULL\r\nGROUP BY\r\n    IoTHub.ConnectionDeviceId,\r\n    SlidingWindow (mi, 5)",
                        "StreamingUnits": 1
                  }
                }
            }
        },
        {
            "apiVersion": "[variables('saVersion')]",
            "type": "Microsoft.StreamAnalytics/streamingjobs",
            "name": "[concat(parameters('suiteName'), '-DeviceInfo')]",
            "location": "[variables('location')]",
            "dependsOn": [
                "[concat('Microsoft.Eventhub/namespaces/', parameters('ehName'), '/eventHubs/', variables('ehOutName'))]",
                "[concat('Microsoft.Devices/Iothubs/', parameters('iotHubName'))]"
            ],
            "tags": {
                "IotSuiteType": "[variables('suiteType')]"
            },
            "properties": {
                "sku": {
                    "name": "standard"
                },
                "OutputStartMode": "[parameters('asaStartBehavior')]",
                "EventsOutOfOrderMaxDelayInSeconds": 10,
                "EventsOutOfOrderPolicy": "adjust",
                "Inputs": [
                    {
                        "Name": "DeviceDataStream",
                        "Properties": {
                            "DataSource": {
                                "Properties": {
                                    "consumerGroupName": "[variables('deviceInfoCGName')]",
                                    "iotHubNamespace": "[parameters('iotHubName')]",
                                    "sharedAccessPolicyKey": "[listkeys(variables('iotHubKeyResource'), variables('iotHubVersion')).primaryKey]",
                                    "sharedAccessPolicyName": "[variables('iotHubKeyName')]"
                                },
                                "Type": "Microsoft.Devices/IotHubs"
                            },
                            "Serialization": {
                                "Properties": {
                                    "Encoding": "UTF8"
                                },
                                "Type": "Json"
                            },
                            "Type": "Stream"
                        }
                    }
                ],
                "Outputs": [
                    {
                        "Name": "DeviceInfoEvents",
                        "Properties": {
                            "DataSource": {
                                "Properties": {
                                    "EventHubName": "[variables('ehOutName')]",
                                    "ServiceBusNamespace": "[parameters('ehName')]",
                                    "SharedAccessPolicyKey": "[listkeys(variables('ehResourceId'), variables('ehVersion')).primaryKey]",
                                    "SharedAccessPolicyName": "[variables('sbKeyName')]",
                                    "PartitionKey": "PartitionId"
                                },
                                "Type": "Microsoft.ServiceBus/EventHub"
                            },
                            "Serialization": {
                                "Properties": {
                                    "Encoding": "UTF8",
                                    "Format": "Array"
                                },
                                "Type": "Json"
                            }
                        }
                    }
                ],
                "Transformation": {
                    "Name": "DeviceInfoFilter",
                    "Properties": {
                        "Query": "SELECT * FROM DeviceDataStream Partition By PartitionId WHERE  ObjectType = 'DeviceInfo'",
                        "StreamingUnits": 1
                    }
                }
            }
        },
        {
            "apiVersion": "[variables('saVersion')]",
            "type": "Microsoft.StreamAnalytics/streamingjobs",
            "name": "[concat(parameters('suiteName'), '-Rules')]",
            "location": "[variables('location')]",
            "dependsOn": [
                "[concat('Microsoft.Storage/storageAccounts/', parameters('storageName'))]",
                "[concat('Microsoft.Eventhub/namespaces/', parameters('ehName'), '/eventHubs/', variables('ehRuleOutName'))]",
                "[concat('Microsoft.Devices/Iothubs/', parameters('iotHubName'))]"
            ],
            "tags": {
                "IotSuiteType": "[variables('suiteType')]"
            },
            "properties": {
                "sku": {
                    "name": "standard"
                },
                "OutputStartMode": "[parameters('asaStartBehavior')]",
                "EventsOutOfOrderMaxDelayInSeconds": 10,
                "EventsOutOfOrderPolicy": "adjust",
                "Inputs": [
                    {
                        "Name": "DeviceRulesBlob",
                        "Properties": {
                            "DataSource": {
                                "Properties": {
                                    "Container": "devicerules",
                                    "DateFormat": "yyyy-MM-dd",
                                    "PathPattern": "{date}/{time}/devicerules.json",
                                    "BlobName": "{date}/{time}/devicerules.json",
                                    "StorageAccounts": [
                                        {
                                            "AccountKey": "[listkeys(variables('storageId'), variables('storageVersion')).keys[0].value]",
                                            "AccountName": "[parameters('storageName')]"
                                        }
                                    ],
                                    "TimeFormat": "HH-mm"
                                },
                                "Type": "Microsoft.Storage/Blob"
                            },
                            "Serialization": {
                                "Properties": {
                                    "Encoding": "UTF8"
                                },
                                "Type": "Json"
                            },
                            "Type": "Reference"
                        }
                    },
                    {
                        "Name": "IotTelemetryStream",
                        "Properties": {
                            "DataSource": {
                                "Properties": {
                                    "consumerGroupName": "[variables('rulesCGName')]",
                                    "iotHubNamespace": "[parameters('iotHubName')]",
                                    "sharedAccessPolicyKey": "[listkeys(variables('iotHubKeyResource'), variables('iotHubVersion')).primaryKey]",
                                    "sharedAccessPolicyName": "[variables('iotHubKeyName')]"
                                },
                                "Type": "Microsoft.Devices/IotHubs"
                            },
                            "Serialization": {
                                "Properties": {
                                    "Encoding": "UTF8"
                                },
                                "Type": "Json"
                            },
                            "Type": "Stream"
                        }
                    }
                ],
                "Outputs": [
                    {
                        "Name": "DeviceRulesHub",
                        "Properties": {
                            "DataSource": {
                                "Properties": {
                                    "EventHubName": "[variables('ehRuleOutName')]",
                                    "ServiceBusNamespace": "[parameters('ehName')]",
                                    "SharedAccessPolicyKey": "[listkeys(variables('ehResourceId'), variables('ehVersion')).primaryKey]",
                                    "SharedAccessPolicyName": "[variables('sbKeyName')]",
                                    "PartitionKey": "PartitionId"
                                },
                                "Type": "Microsoft.ServiceBus/EventHub"
                            },
                            "Serialization": {
                                "Properties": {
                                    "Encoding": "UTF8",
                                    "Format": "Array"
                                },
                                "Type": "Json"
                            }
                        }
                    },
                    {
                        "Name": "DeviceRulesMonitoring",
                        "Properties": {
                            "DataSource": {
                                "Properties": {
                                    "Container": "rulesoutput",
                                    "DateFormat": "yyyy/MM/dd",
                                    "TimeFormat": "HH",
                                    "PathPattern": "{date}/{time}",
                                    "StorageAccounts": [
                                        {
                                            "AccountKey": "[listkeys(variables('storageId'), variables('storageVersion')).keys[0].value]",
                                            "AccountName": "[parameters('storageName')]"
                                        }
                                    ]
                                },
                                "Type": "Microsoft.Storage/Blob"
                            },
                            "Serialization": {
                                "Properties": {
                                    "Encoding": "UTF8",
                                    "FieldDelimiter": ","
                                },
                                "Type": "Csv"
                            }
                        }
                    }
                ],
                "Transformation": {
                    "Name": "DeviceRules",
                    "Properties": {
                        "Query": "WITH AlarmsData AS \r\n(\r\nSELECT\r\n     Stream.IoTHub.ConnectionDeviceId AS DeviceId,\r\n     'Temperature' as ReadingType,\r\n     Stream.Temperature as Reading,\r\n     Ref.Temperature as Threshold,\r\n     Ref.TemperatureRuleOutput as RuleOutput,\r\n     Stream.EventEnqueuedUtcTime AS [Time]\r\nFROM IoTTelemetryStream Stream\r\nJOIN DeviceRulesBlob Ref ON Stream.IoTHub.ConnectionDeviceId = Ref.DeviceID\r\nWHERE\r\n     Ref.Temperature IS NOT null AND Stream.Temperature > Ref.Temperature\r\n\r\nUNION ALL\r\n\r\nSELECT\r\n     Stream.IoTHub.ConnectionDeviceId AS DeviceId,\r\n     'Humidity' as ReadingType,\r\n     Stream.Humidity as Reading,\r\n     Ref.Humidity as Threshold,\r\n     Ref.HumidityRuleOutput as RuleOutput,\r\n     Stream.EventEnqueuedUtcTime AS [Time]\r\nFROM IoTTelemetryStream Stream\r\nJOIN DeviceRulesBlob Ref ON Stream.IoTHub.ConnectionDeviceId = Ref.DeviceID\r\nWHERE\r\n     Ref.Humidity IS NOT null AND Stream.Humidity > Ref.Humidity\r\n)\r\n\r\nSELECT *\r\nINTO DeviceRulesMonitoring\r\nFROM AlarmsData\r\n\r\nSELECT *\r\nINTO DeviceRulesHub\r\nFROM AlarmsData",
                        "StreamingUnits": 1
                  }
                }
            }
        }
    ],
    "outputs": {
        "iotHubHostName": {
            "type": "string",
            "value": "[reference(variables('iotHubResourceId')).hostName]"
        },
        "iotHubConnectionString": {
            "type": "string",
            "value": "[concat('HostName=', reference(variables('iotHubResourceId')).hostName, ';SharedAccessKeyName=', variables('iotHubKeyName'), ';SharedAccessKey=', listkeys(variables('iotHubKeyResource'), variables('iotHubVersion')).primaryKey)]"
        },
        "docDbURI": {
            "type": "string",
            "value": "[reference(variables('docDBResourceId')).documentEndpoint]"
        },
        "docDbKey": {
            "type": "string",
            "value": "[listkeys(variables('docDBResourceId'), '2015-04-08').primaryMasterKey]"
        },
        "bingMapsQueryKey": {
            "type": "string",
            "value": ""
        },
        "storageConnectionString": {
            "type": "string",
            "value": "[concat('DefaultEndpointsProtocol=https;EndpointSuffix=', parameters('storageEndpointSuffix'), ';AccountName=', parameters('storageName'), ';AccountKey=', listkeys(variables('storageId'), variables('storageVersion')).keys[0].value)]"
        },
        "ehOutName": {
            "type": "string",
            "value": "[variables('ehOutName')]"
        },
        "ehRuleName": {
            "type": "string",
            "value": "[variables('ehRuleOutName')]"
        },
        "ehConnectionString": {
            "type": "string",
            "value": "[listkeys(variables('ehResourceId'), variables('ehVersion')).primaryConnectionString]"
        }
    }
}
